<?xml version="1.0" encoding="UTF-8"?>
<project-private xmlns="http://www.netbeans.org/ns/project-private/1">
    <editor-bookmarks xmlns="http://www.netbeans.org/ns/editor-bookmarks/2" lastBookmarkId="0"/>
    <open-files xmlns="http://www.netbeans.org/ns/projectui-open-files/2">
        <group>
            <file>file:/D:/DOCSUMG/ANALISISSIS2/PROYECTO/BD_prueba/src/vistas/Taller.java</file>
            <file>file:/D:/DOCSUMG/ANALISISSIS2/PROYECTO/BD_prueba/src/vistas/menu.java</file>
            <file>file:/D:/DOCSUMG/ANALISISSIS2/PROYECTO/BD_prueba/src/vistas/usuarios.java</file>
            <file>file:/D:/DOCSUMG/ANALISISSIS2/PROYECTO/BD_prueba/src/vistas/orden_servicio.java</file>
            <file>file:/D:/DOCSUMG/ANALISISSIS2/PROYECTO/BD_prueba/src/vistas/pais.java</file>
            <file>file:/D:/DOCSUMG/ANALISISSIS2/PROYECTO/BD_prueba/src/vistas/estado.java</file>
            <file>file:/D:/DOCSUMG/ANALISISSIS2/PROYECTO/BD_prueba/src/vistas/login.java</file>
            <file>file:/D:/DOCSUMG/ANALISISSIS2/PROYECTO/BD_prueba/src/vistas/factura.java</file>
            <file>file:/D:/DOCSUMG/ANALISISSIS2/PROYECTO/BD_prueba/src/vistas/empleados.java</file>
            <file>file:/D:/DOCSUMG/ANALISISSIS2/PROYECTO/BD_prueba/src/vistas/repuestos.java</file>
            <file>file:/D:/DOCSUMG/ANALISISSIS2/PROYECTO/BD_prueba/src/vistas/detalle_factura.java</file>
            <file>file:/D:/DOCSUMG/ANALISISSIS2/PROYECTO/BD_prueba/src/bd/Conexion.java</file>
            <file>file:/D:/DOCSUMG/ANALISISSIS2/PROYECTO/BD_prueba/src/vistas/metodo_pago.java</file>
            <file>file:/D:/DOCSUMG/ANALISISSIS2/PROYECTO/BD_prueba/src/vistas/ciudades.java</file>
            <file>file:/D:/DOCSUMG/ANALISISSIS2/PROYECTO/BD_prueba/src/vistas/clientes.java</file>
        </group>
    </open-files>
</project-private>
